"药品编码","药品名称","险种限制","机构限制","就医限制","专科限制","性别限制","年龄限制","疾病限制","阶梯限制","用量限制","额度限制","疗程限制","领域标识"
"ZG02AAG0401","归芪活血胶囊","","","","","","","(颈椎病)","",,,,""
"XB06ACL388B0","拉那利尤单抗","","","","","","","(HAE|血管性水肿)","",,,,""
"XC05BAD165F0","多磺酸粘多糖","","","","","","","(血栓性静脉炎)","",,,,""
"XD11AHA379A0","阿布昔替尼","","","","","","","(特应性皮炎)","",,,,""
"XJ01DET084B0","头孢匹罗","","","","","","","(重症感染|败血症)","",,,,"感染用药"
"XJ01DHM046B0","美罗培南","","","","","","","(重症感染|败血症)","",,,,"感染用药"
"XJ01MAM122B0","莫西沙星","","","","","","","(重症感染|败血症)","",,,,"感染用药"
"XJ01XXL070A0","利奈唑胺","","","","","","","(重症感染|败血症)","",,,,"感染用药"
"XJ02ACB206X0","泊沙康唑口服混悬","","","","","","","(感染|曲霉菌|念球菌|接合菌)","",,,,""
"XA02BCF721A0","伏诺拉生","","","","","","","(反流性食管炎)","",,,,""
"XA05BAJ212B0","精氨酸谷氨酸","","","","","","","(肝性脑病)","",,,,""
"XA10BJB219B0","贝那鲁肽","","","","","","","(2型糖尿病)","",,,,""
"XA10BJS279B0","司美格鲁肽","","","","","","","(2型糖尿病)","",,,,""
"XB01AFA319A0","甲苯磺酸艾多沙班","","","","","","","(房颤|静脉血栓|肺栓塞)","",,,,""
"XB02BDC110B0","重组人凝血因子","","","","","","","(出血|血友病)","",,,,""
"XB02BXK018B0","卡络磺钠","","","","","","","(出血|血小板减少性紫癜)","",,,,""
"XJ05AFA353A0","艾米替诺福韦","","","","","","","(乙型肝炎)","",,,,""
"XJ05AFE013N0","恩替卡韦","","","","","","","(乙型肝炎)","",,,,""
"XJ05ARA315A0","艾考恩丙替","","","","","","","(HIV|人类免疫缺陷病毒|艾滋病)","",,,,""
"XJ05ARD349A0","多拉米替","","","","","","","(HIV|艾滋病|获得性免疫缺陷)","",,,,""
"XJ05AXA011A0","阿比多尔","","","","","","","(流感|流行性感冒)","",,,,""
"XL01XCT181B0","特瑞普利单抗","","","","","","","(黑色素瘤|鼻咽癌|尿路上皮癌)","",,,,"肿瘤用药"
"XL01XCW121B0","维布妥昔单抗","","","","","","","(淋巴瘤|霍奇金淋巴瘤|蕈样真菌病)","",,,,""
"XL01XEF727A0","甲磺酸伏美替尼","","","","","","","(NSCLC|非小细胞肺癌)","",,,,"肿瘤用药"
"XL01XEN092E0","尼洛替尼","","","","","","","(髓性白血病)","",,,,"肿瘤用药"
"XL03AAC106B0","人粒细胞刺激因子","","","","","","","(放疗|化疗|骨髓抑制)","",,,,""
"XL03AAJ249B0","聚乙二醇人粒细胞刺激因子","","","","","","","(化疗|中性粒细胞减少)","",,,,""
"XL04ABG180B0","戈利木单抗","","","","","","","(类风湿关节炎)","",,,,""
"XL04ABY179B0","英夫利西单抗","","","","","","","(类风湿关节炎|银屑病|罗恩病)","",,,,""
"XL04AXB209A0","吡非尼酮","","","","","","","(特发性肺纤维化)","",,,,""
"XL03ACC086B0","人白介素","","","","","","","(肾细胞癌|黑色素瘤|胸腔积液|腹腔积液)","",,,,""
"XL04AAK113B0","抗人T细胞兔免疫球蛋白","","","","","","","(器官移植|抗排异反应)","",,,,""
"XN02CCZ076A0","佐米曲普坦","","","","","","","(偏头痛)","二线",,,,""
"XN06BXB181B0","胞磷胆碱","","","","","","","(意识障碍|颅脑外伤|脑损伤)","",,,14,""
"XN07XXA364A0","氨吡啶","","","","","","","(多发性硬化)","",,,,""
"XN07XXB093B0","吡拉西坦","","","","","","","(脑外伤|脑功能障碍)","",,,14,""
"XV03AEH113P0","环硅酸锆钠","","","","","","","(高钾血症)","",,,,""
"XV03AFY185B0","右丙亚胺","","","","","","","(心脏损害|毒性反应)","",,,,""
"ZA06CAJ0740","金花清感颗粒","","","","","","","(流感|流行性感冒)","",,,,""
"ZA09FAB0150","百令片","","","","","","","(器官移植|抗排异反应|肾功能衰竭|肺纤维化)","",,,,""
"ZA09FAN0099","宁心宝胶囊","","","","","","","(心律失常)","",,,,""
"ZA12AAB0505","八味芪龙颗粒","","","","","","","(中风|脑梗)","",,,,""
"ZA12AAM0058","脉络通","","","","","","","(血栓)","",,,,""
"ZA16DAS0427","肾康栓","","","","","","","(肾功能衰竭)","",,,,""
"ZA16GAH0014","海昆肾喜胶囊","","","","","","","(慢性肾衰|肾功能衰竭|尿毒症)","",,,,""
"ZC01AAC0062","参莲胶囊","","","","","","","(肿瘤|癌)","",,,,""
"ZC01AAC0488","慈丹胶囊","","","","","","","(肝癌)","",,,,""
"ZC02AAK0038","康力欣胶囊","","","","","","","(肿瘤|癌)","",,,,""
"ZC02AAQ0107","芪珍胶囊","","","","","","","(肿瘤|癌)","",,,,""
"ZC02AAS0475","生白颗粒","","","","","","","(化疗|白细胞减少)","",,,,""
"ZC02AAS0477","生白颗粒","","","","","","","(化疗|白细胞减少)","",,,,""
"ZE02AAS0815","双丹明目胶囊","","","","","","","(2型糖尿病|视网膜病变)","",,,,""
"XB02BXM155B0","矛头蝮蛇血凝酶","","","","","","","(出血)","二线",,,,""
"XB03ACY325B0","异麦芽糖酐铁","","","","","","","(缺铁)","",,,,""
"XB05AAH027B0","琥珀酰明胶","","","","","","","(休克|烧伤)","",,,,""
"XB05AAQ165B0","羟乙基淀粉","","","","","","","(休克|烧伤)","",,,,""
"XC04AFY101A0","胰激肽原酶","","","","","","","(糖尿病|微循环障碍)","",,,,""
"XC09BXY230A0","依那普利叶酸","","","","","","","(高血压)","",,,,""
"XC09CAA352A0","阿齐沙坦","","","","","","","(高血压)","",,,,""
"XC09DXS255A0","沙库巴曲缬沙坦","","","","","","","(心力衰竭|高血压)","",,,,""
"XC10AXA333B0","阿利西尤单抗","","","","","","","(动脉粥样硬化|高胆固醇血症)","",,,,""
"XD03AXC078P0","牛碱性成纤维细胞生长因子","","","","","","","(烧伤)","",,,,""
"XH01BAT027B0","特利加压素","","","","","","","(食管静脉曲张)","",,,,""
"XJ01CRP018B0","哌拉西林舒巴坦","","","","","","","(重症感染|败血症)","",,,,"感染用药"
"XJ01DIF005A0","法罗培南","","","","","","","(感染|炎症|菌血症)","",,,,"感染用药"
"XJ01DIF005E0","法罗培南","","","","","","","(感染|炎症|菌血症)","",,,,"感染用药"
"XJ01XAT037B0","替考拉宁","","","","","","","(感染|炎症|菌血症)","二线",,,,"感染用药"
"XJ02ACB206B0","泊沙康唑注射液","","","","","","","(免疫缺陷)","",,,,""
"XA04AAT122B0","托烷司琼","","","","","","","(放疗|化疗|吞咽困难)","",,,,""
"XA05BAG145B0","甘草酸单铵半胱氨酸","","","","","","","(肝功能衰竭)","",,,,""
"XA05BAM076B0","门冬氨酸鸟氨酸","","","","","","","(肝性脑病)","",,,,""
"XA10AED356B0","德谷胰岛素","","","","","","","(2型糖尿病)","",,,,""
"XA10BDE082A0","二甲双胍","","","","","","","(2型糖尿病)","",,,,""
"XA12BAM074B0","门冬氨酸钾镁","","","","","","","(洋地黄中毒|心律失常)","",,,,""
"XA16AXM157E0","麦格司他","","","","","","","(尼曼匹克病)","",,,,""
"XA16AXW071B0","乌司他丁","","","","","","","(胰腺炎)","",,,,""
"XB01ACB040A0","贝前列素","","","","","","","(动脉闭塞|间歇性跛行|疼痛)","",,,,""
"XB01ACX010A0","西洛他唑","","","","","","","(动脉闭塞|间歇性跛行|疼痛)","",,,,""
"XB01ACX010E0","西洛他唑","","","","","","","(动脉闭塞|间歇性跛行|疼痛)","",,,,""
"XB01AFA319A0","艾多沙班","","","","","","","(房颤|静脉血栓|肺栓塞)","",,,,""
"XB02BDC111B0","重组人凝血因子","","","","","","","(血友病)","",,,,""
"XB02BDC147B0","重组人凝血因子","","","","","","","(血友病)","",,,,""
"XB02BXJ153B0","聚桂醇","","","","","","","(出血)","",,,,""
"XJ05AXC169B0","重组细胞因子基因衍生蛋白","","","","","","","(乙型肝炎)","",,,,""
"XL01CXL035B0","榄香烯","","","","","","","(癌性胸腹水)","",,,,""
"XL01EKD351A0","多纳非尼","","","","","","","(肝细胞癌)","",,,,"肿瘤用药"
"XL01EXS282A0","赛沃替尼","","","","","","","(NSCLC|非小细胞肺癌)","",,,,""
"XL01XCE090B0","恩美曲妥珠单抗","","","","","","","(乳腺癌)","",,,,"肿瘤用药"
"XL01XCT190B0","替雷利珠单抗","","","","","","","(霍奇金淋巴瘤|非小细胞肺癌|肝细胞癌|鳞状细胞癌)","",,,,"肿瘤用药"
"XL01XEA288A0","阿帕替尼","","","","","","","(胃腺癌|肝细胞癌)","",,,,"肿瘤用药"
"XL01XEA314E0","阿来替尼","","","","","","","(NSCLC|非小细胞肺癌)","",,,,"肿瘤用药"
"XL01XEA368A0","奥雷巴替尼","","","","","","","(髓细胞白血病)","",,,,"肿瘤用药"
"XL01XEF716A0","甲磺酸氟马替尼","","","","","","","(髓性白血病)","",,,,"肿瘤用药"
"XL01XEL356A0","芦可替尼","","","","","","","(骨髓纤维化|红细胞增多症|血小板增多症)","",,,,""
"XL01XKP142E0","帕米帕利","","","","","","","(卵巢癌|输卵管癌|原发性腹膜癌)","",,,,"肿瘤用药"
"XL03ABC097B0","人干扰素","","","","","","","(白血病|淋巴瘤|黑色素瘤|肾癌|多发性骨髓瘤|丙型肝炎|乙型肝炎)","",,,,"肿瘤用药"
"XL03ABJ163B0","聚乙二醇干扰素","","","","","","","(丙型肝炎|乙型肝炎)","",,,,""
"XL04AAM026X0","吗替麦考酚酯","","","","","","","(器官移植|抗排异反应)","",,,,""
"XL04AAY270A0","依维莫司","","","","","","","(肾细胞癌|NET|神经内分泌瘤|TSC|结节性硬化症|SEGA|巨细胞星形细胞瘤|TSC-AML|肾血管平滑肌脂肪瘤|乳腺癌)","",,,,"肿瘤用药"
"XL04AXE092E0","富马酸二甲酯","","","","","","","(多发性硬化)","",,,,""
"XM05BAL072A0","利塞膦酸","","","","","","","(骨质疏松)","",,,,""
"XN06DAD171A0","多奈哌齐","","","","","","","(阿尔茨海默病)","",,,,""
"XN06DAJ021A0","加兰他敏","","","","","","","(阿尔茨海默病)","",,,,""
"XS01XAC156G0","人表皮生长因子","","","","","","","(角膜溃疡|角膜损伤)","",,,,"眼科用药"
"XS01XAW035G0","维生素A棕榈酸酯","","","","","","","(角膜炎)","",,,,""
"ZA09GAC0085","参龙宁心胶囊","","","","","","","(冠心病|心肌炎)","",,,,""
"ZA12AAM0056","脉络通","","","","","","","(血栓)","",,,,""
"ZA12AAQ0614","芪芎通络胶囊","","","","","","","(中风|脑梗)","",,,,""
"ZC01AAT0320","消癌平丸","","","","","","","(肿瘤|癌)","",,,,""
"ZC02AAY0155","养正合剂","","","","","","","(化疗|白细胞减少)","",,,,""
"XB03XAD343B0","达依泊汀","","","","","","","(透析|慢性肾脏病)","",,,,""
"XB05BAF705B0","复方氨基酸","","","","","","","(营养不良|低蛋白血症)","",,,,""
"XC03CAT115B0","托拉塞米","","","","","","","(充血性心力衰竭)","",,,,""
"XC08CAA321A0","氨氯地平","","","","","","","(高血压)","",,,,""
"XC10AXY310B0","依洛尤单抗","","","","","","","(动脉粥样硬化|高胆固醇血症)","",,,,""
"XD03AXC078U0","牛碱性成纤维细胞生长因子","","","","","","","(烧伤)","",,,,""
"XD11AHD344B0","度普利尤单抗","","","","","","","(特应性皮炎)","",,,,""
"XD11AXB099F0","吡美莫司","","","","","","","(特应性皮炎)","二线",,,,""
"XJ01XXL350B0","利奈唑胺葡萄糖","","","","","","","(重症感染|败血症)","",,,,"感染用药"
"XA02BCA084A0","艾普拉唑","","","","","","","(十二指肠溃疡|反流性食管炎)","二线",,,,""
"XA02BCT200A0","替戈拉生","","","","","","","(反流性食管炎)","",,,,""
"XA04AAG064B0","格拉司琼","","","","","","","(放疗|化疗|吞咽困难)","",,,,""
"XA05BAF632B0","复方甘草甜素","","","","","","","(肝功能衰竭)","",,,,""
"XA05BAH032B0","谷胱甘肽","","","","","","","(药物性肝损|肝功能衰竭)","",,,,""
"XA11CBW032X0","维生素AD","","","","","","","(维生素A缺乏|维生素D缺乏|夜盲症|佝偻病)","",,,,""
"XA12CBL149X0","硫酸锌","","","","","","","(锌缺乏)","",,,,""
"XB01ACT038B0","替罗非班","","","","","","","(冠脉综合征)","",,,,""
"XB02BDR011B0","人凝血酶原复合物","","","","","","","(出血|血友病)","",,,,""
"XB02BXC117B0","重组人血小板生成素","","","","","","","(血小板减少症)","",,,,""
"XJ05AFE013X0","恩替卡韦","","","","","","","(乙型肝炎)","",,,,""
"XJ05AFL008E0","拉米夫定","","","","","","","(乙型肝炎)","",,,,""
"XJ05AFT031A0","替比夫定","","","","","","","(乙型肝炎)","",,,,""
"XJ05AGL341A0","利匹韦林","","","","","","","(HIV|艾滋病|获得性免疫缺陷)","",,,,""
"XJ05AHA218N0","奥司他韦","","","","","","","(流感|流行性感冒|发热|上呼吸道感染)","",,,,"感染用药"
"ZA09CCL0281","六味五灵片","","","","","","","(乙型肝炎)","",,,,""
"ZA09FAZ0266","至灵胶囊","","","","","","","(器官移植|抗排异反应|肾功能衰竭|肺纤维化)","",,,,""
"ZA09GAC0544","参乌益肾片","","","","","","","(慢性肾衰|肾功能衰竭)","",,,,""
"ZA12AAM0057","脉络通","","","","","","","(血栓)","",,,,""
"ZC01AAX0182","消癌平丸","","","","","","","(肿瘤|癌)","",,,,""
"ZC01AAY0757","鸦胆子油软胶胶囊","","","","","","","(肿瘤|癌)","",,,,""
"ZC02AAA0069","安康欣胶囊","","","","","","","(肿瘤|癌)","",,,,""
"ZC02AAC0020","参丹散结胶囊","","","","","","","(肿瘤|癌)","",,,,""
"ZC02AAS0476","生白颗粒","","","","","","","(化疗|白细胞减少)","",,,,""
"ZC02AAY0135","养血饮口服液","","","","","","","(肿瘤|放疗|化疗)","",,,,""
"XB03XAL373E0","罗沙司他","","","","","","","(慢性肾脏病|贫血|透析)","",,,,""
"XB05BAU005B0","ω-3鱼油脂肪乳","","","","","","","(重症感染|败血症)","",,,,"感染用药"
"XB06ACA361B0","艾替班特","","","","","","","(HAE|血管性水肿)","",,,,""
"XC01EBG072B0","葛根素","","","","","","","(视网膜动静脉阻塞|突发性耳聋)","",,,14,""
"XC02KXL363A0","利奥西呱","","","","","","","(肺动脉高压)","",,,,""
"XC09CAA284A0","阿利沙坦酯","","","","","","","(高血压)","",,,,""
"XC09DBA313A0","奥美沙坦氨氯地平","","","","","","","(高血压)","",,,,""
"XD11AHK139F0","克立硼罗","","","","","","","(特应性皮炎)","",,,,""
"XH01CBS078B0","生长抑素","","","","","","","(胰腺|食道静脉曲张)","",,,5,""
"XJ01DCT102B0","头孢西丁","","","","","","","(重症感染|败血症)","",,,,"感染用药"
"XJ01DDT081B0","头孢哌酮舒巴坦","","","","","","","(重症感染|败血症)","",,,,"感染用药"
"XJ01XAQ121B0","去甲万古霉素","","","","","","","(感染|炎症|菌血症)","",,,,"感染用药"
"XJ02ACA370B0","硫酸艾沙康唑","","","","","","","(曲霉病|毛霉病)","",,,,""
"XJ02ACB206A0","泊沙康唑肠溶片","","","","","","","(免疫缺陷)","",,,,""
"XA02BCA348X0","奥美拉唑","","","","","","","(十二指肠溃疡|胃食管反流)","",,,,""
"XA04ADS272B0","福沙匹坦双葡甲胺","","","","","","","(放疗|化疗|吞咽困难)","",,,,""
"XA05BAG021B0","甘草酸二铵","","","","","","","(肝功能衰竭)","",,,,""
"XA05BAG105B0","谷胱甘肽","","","","","","","(药物性肝损|肝功能衰竭)","",,,,""
"XA06AXL374E0","利那洛肽","","","","","","","(多发性硬化)","",,,,""
"XA10ADD335B0","德谷门冬双胰岛素","","","","","","","(2型糖尿病)","",,,,""
"XA11CCG111B0","骨化三醇","","","","","","","(透析|低钙血症)","",,,,""
"XB01ACS270A0","司来帕格","","","","","","","(肺动脉高压)","",,,,""
"XB02AAA164B0","氨基己酸","","","","","","","(出血)","",,,,""
"XB02BDR100B0","人凝血因子","","","","","","","(凝血因子Ⅸ缺乏症|血友病)","",,,,""
"XB02BXA307A0","艾曲泊帕乙醇胺","","","","","","","(血小板减少症)","",,,,""
"XJ05APK138E0","可洛派韦","","","","","","","(丙型肝炎)","",,,,""
"XJ05AXA011E0","阿比多尔","","","","","","","(流感|流行性感冒)","",,,,""
"XJ05AXF718A0","法维拉韦","","","","","","","(流感|流行性感冒)","",,,,"感染用药"
"XL01BBF066B0","氟达拉滨","","","","","","","(淋巴细胞白血病|滤泡淋巴瘤)","",,,,"肿瘤用药"
"XL01XCA371B0","奥法妥木单抗","","","","","","","(多发性硬化)","",,,,""
"XL01XCD337B0","达雷妥尤单抗","","","","","","","(骨髓瘤)","",,,,"肿瘤用药"
"XL01XCK131B0","卡瑞利珠单抗","","","","","","","(霍奇金淋巴瘤|非小细胞肺癌|肝细胞癌|鳞状细胞癌)","",,,,"肿瘤用药"
"XL01XEA298A0","甲磺酸奥希替尼","","","","","","","(NSCLC|非小细胞肺癌)","",,,,"肿瘤用药"
"XL01XEA309E0","安罗替尼","","","","","","","(非小细胞肺癌|软组织肉瘤|透明细胞肉瘤|小细胞肺癌|甲状腺髓样癌)","",,,,"肿瘤用药"
"XL01XEE091E0","恩沙替尼","","","","","","","(NSCLC|非小细胞肺癌)","",,,,"肿瘤用药"
"XL01XEK116E0","克唑替尼","","","","","","","(NSCLC|非小细胞肺癌)","",,,,"肿瘤用药"
"XL01XEN112E0","乙磺酸尼达尼布","","","","","","","(特发性肺纤维化|间质性肺)","",,,,""
"XL01XEN120A0","奈拉替尼","","","","","","","(乳腺癌)","",,,,"肿瘤用药"
"XL01XXA316A0","奥拉帕利","","","","","","","(卵巢癌|输卵管癌|腹膜癌)","",,,,"肿瘤用药"
"XL01XXF709E0","呋喹替尼","","","","","","","(直肠癌)","三线",,,,""
"XL03AAC108B0","人粒细胞刺激因子","","","","","","","(放疗|化疗|骨髓抑制)","",,,,""
"XL03AAJ213B0","聚乙二醇人粒细胞刺激因子","","","","","","","(化疗|中性粒细胞减少)","",,,,""
"XL04AAY335B0","伊奈利珠单抗","","","","","","","(视神经脊髓炎)","",,,,""
"XL04ACT156B0","托珠单抗","","","","","","","(特发性关节炎|类风湿关节炎)","二线",,,,""
"XL03ABJ164B0","聚乙二醇干扰素","","","","","","","(丙型肝炎|乙型肝炎)","",,,,""
"XL03ACC087B0","重组人白介素-2","","","","","","","(肾细胞癌|黑色素瘤|胸腔积液|腹腔积液)","",,,,""
"XL04AAB233A0","巴瑞替尼","","","","","","","(类风湿关节炎)","",,,,""
"XL04AAT180A0","特立氟胺","","","","","","","(多发性硬化)","",,,,""
"XL04AAX009X0","西罗莫司","","","","","","","(器官移植|抗排异反应)","",,,,""
"XM01AXA267A0","艾拉莫德","","","","","","","(类风湿关节炎)","二线",,,,""
"XM05BAA029A0","阿仑膦酸","","","","","","","(骨质疏松)","",,,,""
"XM05BXD334B0","地舒单抗","","","","","","","(骨质疏松|骨巨细胞瘤)","",,,,""
"XN06DXM045X0","美金刚","","","","","","","(吞咽困难|阿尔茨海默|痴呆)","",,,,""
"XN07XXY066B0","依达拉奉注射液","","","","","","","(ALS|肌萎缩侧索硬化)","",,,,""
"XN07XXY184B0","尤瑞克林","","","","","","","(脑卒中|脑梗死)","",,,21,""
"XN07XXY322B0","依达拉奉右莰醇","","","","","","","(脑卒中|脑梗死)","",,,14,""
"XS01XAH121G0","环孢素滴眼液","","","","","","","(角膜炎|结膜炎)","",,,,""
"ZA12IAN0061","脑血疏口服液","","","","","","","(出血性中风|出血性脑卒中)","",,,,""
"ZC01AAC0061","参莲胶囊","","","","","","","(肿瘤|癌)","",,,,""
"ZC01AAG0045","肝复乐片","","","","","","","(肝癌)","",,,,""
"ZC01AAH0362","回生口服液","","","","","","","(肿瘤|癌)","",,,,""
"ZC01AAS0667","食道平散","","","","","","","(食道狭窄|梗阻|吞咽困难)","",,,,""
"ZC01AAY0003","鸦胆子油口服乳液","","","","","","","(肿瘤|癌)","",,,,""
"ZC02AAC0241","参一胶囊","","","","","","","(化疗|肺癌|肝癌)","",,,,""
"ZV01AAJ0737","蒺藜皂苷胶囊","","","","","","","(中风|脑梗)","",,,,""
"XB03XAL398B0","罗特西普","","","","","","","(地中海贫血)","",,,,""
"XB03XAR103B0","人促红素","","","","","","","(肾性贫血|化疗)","",,,,""
"XC10AXH118A0","海博麦布","","","","","","","(高胆固醇血症)","",,,,""
"XD03AXC105P0","重组人碱性成纤维细胞生长因子","","","","","","","(烧伤)","",,,,""
"XD11AXT002F0","他克莫司","","","","","","","(特应性皮炎)","二线",,,,""
"XG04BXZ059B0","左卡尼汀","","","","","","","(血透)","",,,,""
"XH01CBL032B0","兰瑞肽","","","","","","","(肢端肥大症)","",,,,""
"XJ01DBT075B0","头孢硫脒","","","","","","","(感染|炎症|菌血症)","",,,,""
"XJ01DFA194B0","氨曲南","","","","","","","(重症感染|败血症)","",,,,"感染用药"
"XJ05APA312A0","艾尔巴韦格拉瑞韦","","","","","","","(丙型肝炎)","",,,,""
"XJ05APL382A0","拉维达韦","","","","","","","(丙型肝炎)","",,,,""
"XJ05APS268A0","索磷布韦维帕他韦","","","","","","","(丙型肝炎)","",,,,""
"XJ05APY326E0","依米他韦","","","","","","","(丙型肝炎)","",,,,""
"XJ05ARN113A0","奈韦拉平齐多拉米双夫定","","","","","","","(HIV|艾滋病|获得性免疫缺陷)","",,,,""
"XJ05AXA011N0","阿比多尔","","","","","","","(流感|流行性感冒)","",,,,"感染用药"
"XL01CXB019B0","斑蝥酸钠维生素B6","","","","","","","(发性肝癌|肺癌)","",,,,"肿瘤用药"
"XL01EDL404A0","洛拉替尼","","","","","","","(NSCLC|非小细胞肺癌)","",,,,"肿瘤用药"
"XL01EXR114A0","瑞派替尼","","","","","","","(GIST|间质瘤)","",,,,"肿瘤用药"
"XL01XCA356B0","奥妥珠单抗","","","","","","","(滤泡性淋巴瘤)","",,,,""
"XL01XEP125A0","培唑帕尼","","","","","","","(肾细胞癌)","",,,,""
"XL01XEQ175A0","曲美替尼","","","","","","","(黑色素瘤|非小细胞肺癌)","",,,,"肿瘤用药"
"XL01XEY299E0","伊布替尼","","","","","","","(MCL|肥大细胞白血病|CLL|淋巴细胞白血病|SLL|小淋巴细胞淋巴瘤)","",,,,"肿瘤用药"
"XL02BBD348A0","达罗他胺","","","","","","","(前列腺癌)","",,,,""
"XL03ABC094B0","人干扰素","","","","","","","(白血病|淋巴瘤|黑色素瘤|肾癌|多发性骨髓瘤|丙型肝炎|乙型肝炎)","",,,,"肿瘤用药"
"XL04ACG186B0","古塞奇尤单抗","","","","","","","(银屑病)","",,,,""
"XL04ACY317B0","依奇珠单抗","","","","","","","(银屑病)","",,,,""
"XL03ABC095B0","人干扰素","","","","","","","(白血病|淋巴瘤|黑色素瘤|肾癌|多发性骨髓瘤|丙型肝炎|乙型肝炎)","",,,,"肿瘤用药"
"XL04AAB235B0","贝利尤单抗","","","","","","","(红斑狼疮)","",,,,""
"XL04AAK112B0","抗人T细胞兔免疫球蛋白","","","","","","","(器官移植|抗排异反应)","",,,,""
"XL04AAM033A0","麦考酚钠","","","","","","","(器官移植|抗排异反应)","",,,,""
"XL04AAT194B0","泰它西普","","","","","","","(红斑狼疮)","",,,,""
"XL04AXM088A0","咪唑立宾","","","","","","","(器官移植|抗排异反应)","",,,,""
"XM05BAP004B0","帕米膦酸二钠","","","","","","","(骨转移)","",,,,""
"XM09AXN115B0","诺西那生钠","","","","","","","(脊髓性肌萎缩)","",,,,""
"XN02ABF027V0","芬太尼","","","","","","","(骨转移)","",,,,""
"XN06BAP010A0","哌甲酯","","","","","","","(多动症|注意缺陷多动障碍)","",,,,""
"XN07XXD130E0","丁苯酞软胶囊","","","","","","","(脑卒中|脑梗死)","",,,20,""
"XN07XXT050B0","天麻素","","","","","","","(血管神经性头痛|眩晕|脑动脉供血不足|脑缺血)","",,,14,""
"XR01ACB241L0","苯环喹溴铵","","","","","","","(变应性鼻炎)","",,,,""
"XR03ALB240L0","布地格福吸入气雾剂","","","","","","","(阻塞性肺病)","",,,,""
"XR03ALW115L0","乌美溴铵维兰特罗","","","","","","","(阻塞性肺)","",,,,""
"XR03DXA305B0","奥马珠单抗","","","","","","","(过敏性哮喘|自发性荨麻疹)","",,,,""
"XR05CBY116A0","乙酰半胱氨酸","","","","","","","(COPD|阻塞性肺|慢性支气管炎|肺气肿|喘息性支气管炎)","",,,,""
"XS01XAT002G0","他克莫司","","","","","","","(眼睑结膜巨大乳头增殖)","",,,,"眼科用药"
"ZA03BAQ0076","芪黄通秘软胶囊","","","","","","","(便秘)","",,,,""
"XJ01XCF045B0","夫西地酸","","","","","","","(感染|炎症|菌血症)","",,,,"感染用药"
"XA02BCA349X0","奥美拉唑","","","","","","","(胃溃疡)","",,,,""
"XA12AAC067A0","醋酸钙","","","","","","","(慢性肾衰|肾功能衰竭|高磷血症)","",,,,""
"XA16AAX051A0","腺苷蛋氨酸","","","","","","","(肝硬化|胆汁淤积)","",,,,""
"XJ02ACF059X0","伏立康唑","","","","","","","(免疫缺陷|真菌感染|曲霉菌肺炎|中枢神经系统感染)","",,,,""
"XJ04AKB218A0","富马酸贝达喹啉","","","","","","","(肺结核|耐多药结核)","",,,,""
"XJ05AGA354A0","艾诺韦林","","","","","","","(HIV|艾滋病|获得性免疫缺陷)","",,,,""
"XJ05APD326A0","达诺瑞韦钠","","","","","","","(丙型肝炎)","",,,,""
"XJ05APS275A0","索磷维伏","","","","","","","(丙型肝炎)","",,,,""
"XJ06BAJ215B0","静注人免疫球蛋白","","","","","","","(免疫球蛋白缺乏症|新生儿败血症|免疫性血小板减少症|川崎病|重症肌无力|格林巴利综合征)","",,,,""
"XL01BAL051B0","雷替曲塞","","","","","","","(直肠癌)","",,,,"肿瘤用药"
"XL01EHW124B0","维迪西妥单抗","","","","","","","(胃癌|上皮癌|上皮细胞癌)","",,,,"肿瘤用药"
"XL01XED246A0","达沙替尼","","","","","","","(髓细胞白血病)","",,,,"肿瘤用药"
"XL01XED333A0","达可替尼","","","","","","","(非小细胞肺癌)","一线",,,,"肿瘤用药"
"XL01XES267E0","塞瑞替尼","","","","","","","(NSCLC|非小细胞肺癌)","",,,,"肿瘤用药"
"XL02BXD329B0","醋酸地加瑞克","","","","","","","(前列腺癌)","",,,,""
"XL03AAL367B0","硫培非格司亭","","","","","","","(化疗|中性粒细胞减少)","",,,,""
"XL04ACB003B0","巴利昔单抗","","","","","","","(器官移植)","",,,,""
"XL04AXB209E0","吡非尼酮","","","","","","","(特发性肺纤维化)","",,,,""
"XL03ACC128B0","人白介素","","","","","","","(肾细胞癌|黑色素瘤|胸腔积液|腹腔积液)","",,,,""
"XL04AAF715E0","芬戈莫德","","","","","","","(RMS|多发性硬化)","",,,,""
"XN02CCS094A0","舒马普坦","","","","","","","(偏头痛)","二线",,,,""
"XN06DAL359V0","利斯的明","","","","","","","(阿尔茨海默病)","",,,,""
"XN07XXB220B0","胞磷胆碱","","","","","","","(意识障碍|颅脑外伤|脑损伤)","",,,14,""
"XR03ALY302L0","茚达特罗格隆溴铵","","","","","","","(阻塞性肺)","",,,,""
"ZA04CCS0705","舒肝宁注射液","","","","","","","(肝炎)","",,,,""
"ZA09BAF0284","复方阿胶浆","","","","","","","(贫血)","",,,,""
"ZA12AAD0052","大株红景天","","","","","","","(冠心病|心绞痛)","",,,,""
"ZA12AAN0048","脑心安胶囊","","","","","","","(脑梗塞|冠心病|心绞痛)","",,,,""
"ZA12GAX0006","西红花总苷片","","","","","","","(心绞痛)","",,,,""
"ZC02AAF0316","复方蟾酥膏","","","","","","","(癌性疼痛)","",,,,""
"ZC02AAJ0142","健脾益肾颗粒","","","","","","","(化疗|白细胞减少)","",,,,""
"ZG03AAQ0071","芪骨胶囊","","","","","","","(骨质疏松)","",,,,""
"ZG03AAZ0424","壮骨止痛胶囊","","","","","","","(骨质疏松|骨痛)","",,,,""
"XC03DAF731A0","非奈利酮","","","","","","","(2型糖尿病|慢性肾脏病)","",,,,""
"XG03EBQ136A0","炔雌醇环丙孕酮","","","","","","","(多囊卵巢综合症)","",,,,""
"XG04BXZ059X0","左卡尼汀","","","","","","","(肉碱缺乏症)","",,,,""
"XH01CBA213B0","醋酸奥曲肽微球","","","","","","","(内分泌肿瘤|肢端肥大症)","",,,,""
"XJ01AAD193B0","多西环素","","","","","","","(感染|立克次氏体|支原体|衣原体)","",,,,""
"XJ01DCT098B0","头孢替安","","","","","","","(重症感染|败血症)","",,,,"感染用药"
"XJ01XXD215B0","达托霉素","","","","","","","(金黄色葡萄球菌菌血症|心内膜炎)","",,,,""
"XJ02AAL387B0","两性霉素B","","","","","","","(真菌感染)","",,,,""
"XA02BCA084B0","艾普拉唑","","","","","","","(出血)","",,,,""
"XA05BAH112B0","谷胱甘肽","","","","","","","(药物性肝损|肝功能衰竭)","",,,,""
"XA10ABC161B0","重组赖脯","","","","","","","(糖尿病)","",,,,""
"XA10BKH120A0","脯氨酸恒格列净","","","","","","","(2型糖尿病患者)","",,,,""
"XA11CCA351E0","艾地骨化醇","","","","","","","(骨质疏松)","",,,,""
"XA12AAC067E0","醋酸钙","","","","","","","(慢性肾衰|肾功能衰竭|高磷血症)","",,,,""
"XB01ACS050A0","沙格雷酯","","","","","","","(动脉闭塞|间歇性跛行|疼痛)","",,,,""
"XB02BXA336A0","阿伐曲泊帕","","","","","","","(血小板减少症)","",,,,""
"XN01AXA327B0","艾司氯胺酮","","","","","","","","",,,,"麻醉用药"
"XN01AXH115B0","环泊酚","","","","","","","","",,,,"麻醉用药"
"XL01DBM109B0","米托蒽醌注射液","","","","","","","","",,,,"检查用药"
"XN02AFN098B0","纳布啡","","","","","","","","",,,,"麻醉用药"
"XV08DAQ134B0","全氟丙烷人血白蛋白微球","","","","","","","","",,,,"检查用药"
"XN05CDR099B0","甲苯磺酸瑞马唑仑","","","","","","","","",,,,"麻醉用药"
"XA03AXE020X0","二甲硅油","","","","","","","","",,,,"检查用药"
"XA03AXX007X0","西甲硅油","","","","","","","","",,,,"检查用药"
"XN05CDR099B0","苯磺酸瑞马唑仑","","","","","","","","",,,,"麻醉用药"
"XN01BBZ055B0","左布比卡因","","","","","","","","",,,,"麻醉用药"
"XV08DAQ173B0","全氟丁烷微球","","","","","","","","",,,,"检查用药"
"XN04BXE012A0","恩他卡朋","","","","","","","","二线",,,,""
"XS01AEJ022G0","加替沙星","","","","","","","","二线",,,,""
"XN04BDL360A0","雷沙吉兰","","","","","","","","二线",,,,""
"XA10BDX222A0","西格列汀二甲双胍","","","","","","","","二线",,,,""
"XJ01MBN102E0","奈诺沙星","","","","","","","","二线",,,,""
"XS01EEB032G0","贝美前列素","","","","","","","","二线",,,,""
"XJ01MAX243A0","西他沙星","","","","","","","","二线",,,,""
"XR06AXY072E0","依美斯汀","","","","","","","","二线",,,,""
"XA10BDX223A0","西格列汀二甲双胍","","","","","","","","二线",,,,""
"XA10BDS253A0","沙格列汀二甲双胍","","","","","","","","二线",,,,""
"XJ01MAJ009A0","吉米沙星","","","","","","","","二线",,,,""
"XS01ECB234G0","布林佐胺溴莫尼定","","","","","","","","二线",,,,""
"XN04BCL337A0","罗匹尼罗","","","","","","","","二线",,,,""
"XS01EEL010G0","拉坦前列素","","","","","","","","二线",,,,""
"XS01EDB212G0","布林佐胺噻吗洛尔","","","","","","","","二线",,,,""
"XA10BKA338A0","艾托格列净","","","","","","","","二线",,,,""
"XA10BDS251A0","沙格列汀二甲双胍","","","","","","","","二线",,,,""
"XA10BDL358A0","利格列汀二甲双胍","","","","","","","","二线",,,,""
"XN04BAQ156E0","屈昔多巴","","","","","","","","二线",,,,""
"XA10BHA283A0","阿格列汀","","","","","","","","二线",,,,""
"XN04BXE068A0","恩他卡朋","","","","","","","","二线",,,,""
"XS01EEQ092G0","曲伏前列素","","","","","","","","二线",,,,""
"XA10BHX202A0","西格列汀","","","","","","","","二线",,,,""
"XL01DBY055B0","伊达比星","","","","","","","","二线",,,,""
"XJ01XDM152B0","吗啉硝唑氯化钠","","","","","","","","二线",,,,""
"XR03ACY268L0","茚达特罗","","","","","","","","二线",,,,""
"XA10BHL343A0","利格列汀","","","","","","","","二线",,,,""
"XJ01XDZ082B0","左奥硝唑氯化钠","","","","","","","","二线",,,,""
"XJ07BGR030B0","人用狂犬病疫苗","工伤","","","","","","","",,,,""
"XJ07BGR032B0","人用狂犬病疫苗","工伤","","","","","","","",,,,""
"XG03XBM095E0","米非司酮","生育","","","","女性","","(子宫肌瘤)","",,,,""
"XD11AXQ064F0","氢醌","工伤","","","","","","","",,,,""
"XL03AXX234B0","胸腺法新","工伤","","","","","","","",,,,""
"XJ07BGR077B0","人用狂犬病疫苗","工伤","","","","","","","",,,,""
"ZH01AAB0067","疤痕止痒软化乳膏","工伤","","","","","","","",,,,""
"ZD01BAY0323","益母草注射液","生育","","","","","","","",,,,""
"XJ06AAA006B0","A型肉毒毒素","工伤","","","","","","","",,,,""
"XG02ADD082D0","地诺前列酮","生育","","","","","","","",,,,""
"XG03XBM142E0","米非司酮","生育","","","","女性","","(子宫肌瘤)","",,,,""
"XG02ADK026B0","卡前列素氨丁三醇","生育","","","","","","","",,,,""
"XG03XBM095A0","米非司酮","生育","","","","女性","","(子宫肌瘤)","",,,,""
"ZC01AAK0036","康莱特注射液液","","二级","","","","","","",,,,""
"ZA12HAZ0411","血塞通","","二级","","","","","","",,,,""
"ZC01AAY0002","鸦胆子油乳注射液","","二级","","","","","(肿瘤|癌)","",,,,""
"ZA06EAZ0167","止喘灵注射液","","二级","","","","","","",,,,""
"ZA06EAC0467","喘可治注射液","","二级","","","","","(支气管哮喘)","",,,,""
"ZA12GAZ0555","丹参多酚酸","","二级","","","","","(脑梗死)","",,,14,""
"XS01BAD085J0","地塞米松","","三级","","","","","(黄斑水肿|黄斑变性)","",,,,""
"ZA12HAZ0412","血栓通","","二级","","","","","","",,,,""
"ZA12HAS0775","舒血宁注射液","","二级","","","","","(缺血性脑|缺血性心)","",,,,""
"ZA12HAX0829","血必净注射液","","二级","住院","","","","","",,,,""
"ZA12HAY0759","银杏内酯注射液","","二级","","","","","(脑梗死)","",,,14,""
"ZA12HAZ0404","灯盏花素","","二级","","","","","(缺血性脑|缺血性心)","",,,,""
"XL04AXL344E0","来那度胺","","三级","","","","","(多发性骨髓瘤)","",,,,"肿瘤用药"
"ZA12GAZ0403","丹参多酚酸盐","","二级","","","","","(冠心病|心绞痛|脑梗塞)","",,,,""
"ZA12CAD0073","丹参注射液","","二级","","","","","","",,,,""
"ZA04BAR0001","热毒宁注射液","","二级","住院","","","","","",,,,""
"ZA12HAY0771","银杏二萜内酯葡胺","","二级","","","","","(脑梗死)","",,,14,""
"ZA12HAG0369","冠心宁注射液","","二级","","","","","","",,,,""
"ZA12BAX0110","香丹注射液","","二级","","","","","","",,,,""
"XA10BJL326B0","利拉鲁肽","","二级","","","","","(糖尿病)","",,,,""
"XA10BJL366B0","利司那肽","","二级","","","","","(糖尿病)","",,,,""
"XS01LAL328B0","雷珠单抗","","三级","","","","","(黄斑变性|黄斑水肿)","",,,,""
"ZC02AAC0115","参芪扶正注射液","","二级","","","","","(化疗|白细胞减少)","",,,,""
"XS01LAA308G0","阿柏西普","","三级","","","","","(黄斑变性|黄斑水肿)","",,,,""
"XA10BJA085B0","艾塞那肽","","二级","","","","","(糖尿病)","",,,,""
"ZA12EAM0053","脉络宁注射液","","二级","","","","","","",,,,""
"ZA01BAZ0410","双黄连注射液","","二级","住院","","","","","",,,,""
"ZA04CAY0605","鱼腥草注射液","","二级","","","","","","",,,,""
"ZA05CAC0029","参附注射液","","二级","","","","","(阳气虚脱)","",,,,""
"XL01XGK141B0","卡非佐米","","三级","","","","","(多发性骨髓瘤)","",,,,""
"ZA12HAX0869","血塞通注射液","","二级","","","","","","",,,,""
"ZA12GAK0204","苦碟子注射液","","二级","","","","","(冠心病|心绞痛|脑梗塞)","",,,,""
"ZA12HAD0227","灯盏花素","","二级","","","","","(缺血性脑|缺血性心)","",,,,""
"XA10BJD332B0","度拉糖肽","","二级","","","","","(糖尿病)","",,,,""
"ZC01AAT0314","通关藤注射液","","二级","","","","","(肿瘤|癌)","",,,,""
"ZA12AAX0632","心脉隆注射液","","二级","","","","","(心力衰竭)","",,,,""
"ZA12HAH0323","黄芪注射液","","二级","","","","","(病毒性心肌炎)","",,,,""
"XA10BJJ237B0","聚乙二醇洛塞那肽","","二级","","","","","(糖尿病)","",,,,""
"ZA12HAS0790","疏血通注射液","","二级","","","","","(缺血性脑|缺血性心)","",,,,""
"ZC01AAF0479","复方苦参注射液","","二级","","","","","(肿瘤|癌)","",,,,""
"ZA09HAZ0413","益气复脉","","二级","","","","","(冠心病|心绞痛|心功能不全)","",,,14,""
"ZC01AAA0042","艾迪注射液","","二级","","","","","(肿瘤|癌)","",,,,""
"ZA04CAT0019","痰热清注射液","","二级","住院","","","","","",,,,""
"XS01LAK119B0","康柏西普眼用注射液","","三级","","","","","(AMD|黄斑变性|DME|黄斑水肿|CNV|脉络膜新生血管|RVO|视网膜静脉阻塞|BRVO|视网膜分支静脉阻塞|CRVO|视网膜中央静脉阻塞)","",,,,""
"ZA07AAX0718","醒脑静注射液","","二级","","","","","(昏迷)","",,,,""
"ZC02AAK0019","康艾注射液","","二级","","","","","(肿瘤|癌)","",,,,""
"ZA04BAX0048","喜炎平注射液","","二级","住院","","","","","",,,,""
"ZA12HAX0873","血栓通注射液","","二级","","","","","","",,,,""
"ZA09HAC0101","参麦注射液","","二级","","(急诊)","","","","",,,,"急救用药"
"ZC02AAZ0407","黄芪多糖","","二级","","","","","(肿瘤|癌)","",,,14,""
"ZA04CCK0210","苦黄注射液","","二级","","","","","","",,,,""
"XC01EBC109B0","重组人脑利钠肽","","二级","","","","","(心力衰竭)","",,,,""
"ZA09HAS0507","生脉注射液","","二级","","(急诊)","","","","",,,,"急救用药"
"ZA04BAQ0397","清开灵注射液","","二级","","","","","","",,,,""
"ZA16DAS0428","肾康注射液","","二级","","","","","(肾功能衰竭)","",,,,""
"XC02CXY165B0","银杏达莫","","","住院","","","","(缺血性心|缺血性脑)","",,,14,""
"XV01AAC154P0","肠内营养粉","","","住院","(营养)","","","(营养不良)","",,,,"营养用药"
"ZC02AAA0046","艾愈胶囊","","","住院","","","","(化疗|白细胞减少)","",,,,"感染用药"
"XB03BAJ038B0","甲钴胺","","","住院","","","","(巨幼红细胞性贫血)","",,,,""
"XA11JAZ022B0","脂溶性维生素Ⅰ","","","住院","(营养)","","","","",,,,"营养用药"
"XB05BAD252B0","多种油脂肪乳","","","住院","(营养)","","","(营养不良|肝功能不全)","二线",,,,"营养用药"
"XJ01DHE007B0","厄他培南","","","住院","","","","(重症感染|败血症)","",,,,"感染用药"
"XB03BAX052B0","腺苷钴胺","","","住院","","","","(巨幼红细胞性贫血)","",,,,""
"XB05XBB120B0","丙氨酰谷氨酰胺","","","住院","","","","","",,,,""
"XV02DXD249B0","多种微量元素","","","住院","(营养)","","","(营养不良)","",,,,"营养用药"
"XC02CXY168B0","银杏叶提取物","","","住院","","","","(缺血性心|缺血性脑)","",,,14,""
"XV02DXD202B0","多种微量元素","","","住院","(营养)","","","(营养不良)","",,,,"营养用药"
"XJ01DHB084B0","比阿培南","","","住院","","","","(重症感染|败血症)","",,,,"感染用药"
"XB05BAF164B0","复方氨基酸","","","住院","(营养)","","","(肾功能不全|营养不良|低蛋白血症)","",,,,"营养用药"
"XV02DXD201B0","多种微量元素","","","住院","(营养)","","","(营养不良)","",,,,"营养用药"
"XB05BAF145B0","复方氨基酸","","","住院","(营养)","","","(肝硬化|重症肝炎|肝昏迷)","",,,,"营养用药"
"XA11EBS153B0","水溶性维生素","","","住院","(营养)","","","","",,,,"营养用药"
"XJ01DHY002B0","亚胺培南西司他丁","","","住院","","","","(重症感染|败血症)","",,,,"感染用药"
"XA11JAZ023B0","脂溶性维生素Ⅰ","","","住院","(营养)","","","","",,,,"营养用药"
"XB05BAD203B0","多种维生素","","","住院","(营养)","","","","",,,,"营养用药"
"XB05BAX241B0","小儿多种维生素注射液","","","住院","(营养)","","小儿","","",,,,"营养用药"
"XB05BAF142B0","复方氨基酸","","","","(营养)","","","(肝硬化|重症肝炎|肝昏迷)","",,,,"营养用药"
"ZA06CCX0451","小儿牛黄清心散","","","","(急诊)","","小儿","(高热惊厥|昏迷)","",,,,"急救用药"
"XB05BBG146B0","果糖氯化钠","","","","(急诊)","","","","",50,,,"急救用药"
"XV01AAC028X0","肠内营养剂","","","","(营养)","","","(糖尿病|营养不良|低蛋白血症)","",,,,"营养用药"
"XB01ADX048B0","纤溶酶","","","","(急诊)","","","(脑梗死)","",,,,"急救用药"
"XB05BAF160B0","复方氨基酸","","","","(营养)","","","(肝硬化|重症肝炎|肝昏迷)","",,,,"营养用药"
"XV02DXF108B0","辅酶A","","","","(急诊)","","","","",,,,"急救用药"
"XA05BAD195B0","多烯磷脂酰胆碱","","","","(急诊)","","","(肝功能衰竭)","",,,,"急救用药"
"XN05AXL386B0","利培酮微球","","","","(精神|心理)","","","(精神分裂症)","",,,,"精神用药"
"XV02DXS025B0","三腺苷","","","","(急诊)","","","","",,,,"急救用药"
"XV01AAC029X0","肠内营养剂","","","","(营养)","","","(糖尿病|营养不良|低蛋白血症)","",,,,"营养用药"
"XB01ADC148B0","重组人尿激酶原","","","","(急诊)","","","(心肌梗死|脑梗死)","",,,,"急救用药"
"XB05BAJ113B0","结构脂肪乳","","","","(营养)","","","(肝功能不全)","二线",,,,"营养用药"
"XB05BBG129B0","果糖","","","","(急诊)","","","","",50,,,"急救用药"
"XN05AEQ010B0","齐拉西酮","","","","(精神|心理)","","","(精神分裂)","",,,,"精神用药"
"ZA07AAA0061","安宫牛黄丸","","","","(急诊)","","","(高热惊厥|昏迷)","",,,,"急救用药"
"XN02AAN008B0","纳美芬","","","","(急诊)","","","","",,,,"急救用药"
"XB05AAR021B0","人血白蛋白","","","","(急诊)","","","(低蛋白|肝硬化|胸腹水)","",,,,"急救用药"
"ZA07AAZ0514","紫雪","","","","(急诊)","","","(高热惊厥|昏迷)","",,,,"急救用药"
"XN05AXZ101B0","棕榈帕利哌酮酯","","","","(精神|心理)","","","(精神分裂)","",,,,"精神用药"
"ZA07AAA0085","安脑丸","","","","(急诊)","","","(高热惊厥|昏迷)","",,,,"急救用药"
"XC02CAC046B0","川芎嗪","","","","(急诊)","","","(缺血性脑|缺血性心)","",,,14,"急救用药"
"XB01ADA066B0","阿替普酶","","","","(急诊)","","","(心肌梗死|脑梗死)","",,,,"急救用药"
"ZA07AAA0086","安脑丸","","","","(急诊)","","","(高热惊厥|昏迷)","",,,,"急救用药"
"XV02DXF109B0","辅酶Q10","","","","(急诊)","","","","",,,,"急救用药"
"XB01ADC157B0","重组人TNK组织型纤溶酶原激活剂","","","","(急诊)","","","(心肌梗死|脑梗死)","",,,,"急救用药"
"XB01ADC119B0","重组人组织型纤溶酶原激酶衍生物","","","","(急诊)","","","(心肌梗死|脑梗死)","",,,,"急救用药"
"XB01ADJ103B0","降纤酶","","","","(急诊)","","","(脑梗死)","",,,,"急救用药"
"XL01XCP138B0","帕妥珠单抗","","","","","女性","","(乳腺癌)","",,,,"肿瘤用药"
"ZD04AAD0407","丹鹿胶囊","","","","","女性","","(乳腺增生)","",,,,""
"XG02CXA070B0","阿托西班","","","","","女性","","(妊娠|早产)","二线",,,,""
"XL01XCQ110B0","曲妥珠单抗","","","","","女性","","(乳腺癌)","",,,,"肿瘤用药"
"XL01DCY324B0","优替德隆","","","","","女性","","(乳腺癌)","",,,,"肿瘤用药"
"ZD03AAD0318","定坤丹","","","","","女性","","(月经不调|行经腹痛)","",,,,""
"XL01XCY321B0","伊尼妥单抗","","","","","女性","","(乳腺癌)","",,,,"肿瘤用药"
"XL01XEP135E0","哌柏西利","","","","","女性","","(乳腺癌)","",,,,"肿瘤用药"
"XA11CCA017X0","阿法骨化醇","","","","","","新生儿","(低钙血症)","",,,,""
"XJ01DIF005N0","法罗培南","","","","","","小儿","(感染|炎症|菌血症)","",,,,"感染用药"
"XR07AAN066B0","牛肺表面活性剂","","","","","","新生儿","(RDS|呼吸窘迫综合征)","",,,,""
"XR07AAZ038B0","猪肺磷脂","","","","","","新生儿","(RDS|呼吸窘迫综合征)","",,,,""
"XC02KXB144A0","波生坦","","","","","","小儿","(肺动脉高压)","一线",,,,""
"XN05CCS278K0","水合氯醛","","","","","","小儿","","",,,,"麻醉用药"
"XH01ACC113B0","人生长激素","","","","","","小儿","(生长激素缺乏症)","",,,,""
"XJ01FFK120X0","克林霉素","","","","","","小儿","","",,,,""
"ZB01BAW0252","五福化毒丸","","","","","","小儿","","",,,,""
"ZA04DAX0940","小儿珠珀散","","","","","","小儿","(发热|惊厥)","",,,,""
"XA07BCM081X0","蒙脱石","","","","","","小儿","","",,,,""
"XA07DAL281N0","洛哌丁胺","","","","","","小儿","","",,,,""
"XN05CDM084X0","咪达唑仑","","","","","","小儿","","",,,,"麻醉用药"
"XR06AEX017X0","西替利嗪","","","","","","小儿","","",,,,""
"ZA14BAY0207","一捻金","","","","","","小儿","","",,,,""
"ZA14BAH0245","化积颗粒","","","","","","小儿","","",,,,""
"ZH01AAX0196","消风止痒颗粒","","","","","","小儿","","",,,,""
"XM01AEY191X0","右旋布洛芬","","","","","","小儿","","",,,,""
"XR06AXD078K0","地氯雷他定","","","","","","小儿","","",,,,""
"ZA04BAY0746","炎宁糖浆","","","","","","小儿","","",,,,""
"XJ01DIX240N0","小儿法罗培南","","","","","","小儿","(感染|炎症|菌血症)","",,,,"感染用药"
"XB03ABY199X0","右旋糖酐铁","","","","","","小儿","(缺铁性贫血)","",,,,""
"XJ01FAL262N0","罗红霉素","","","","","","小儿","","",,,,""
"XN05CCS273S0","水合氯醛","","","","","","小儿","","",,,,""
"XR06AEX017K0","西替利嗪","","","","","","小儿","","",,,,""
"ZA14BAH0246","化积颗粒","","","","","","小儿","","",,,,""
"XR06AEZ066X0","左西替利嗪","","","","","","小儿","","",,,,""
"XR06AXD078X0","地氯雷他定","","","","","","小儿","","",,,,""
"ZA01BAX0377","小儿感冒颗粒","","","","","","小儿","","",,,,""
"XA12AXX128N0","小儿碳酸钙D3","","","","","","小儿","(佝偻病)","",,,,""
"ZB01BAW0251","五福化毒丸","","","","","","小儿","","",,,,""
"XJ01DDT101N0","头孢托仑匹酯","","","","","","小儿","","",,,,""
"ZG03AAL0316","龙牡壮骨颗粒","","","","","","小儿","(佝偻病)","",,,,""
"XJ04AKD325A0","德拉马尼","","","","","","","(肺结核|耐多药结核)","",,,,""
"XJ05ARA311B0","艾博韦泰","","","","","","","(HIV|艾滋病|获得性免疫缺陷)","",,,,""
"XL01CXL035X0","榄香烯","","","","","","","(食管癌|胃癌)","",,,,"肿瘤用药"
"XL01XEA343A0","阿贝西利","","","","","","","(乳腺癌)","",,,,"肿瘤用药"
"XL01XED340E0","甲磺酸达拉非尼","","","","","","","(黑色素瘤|非小细胞肺癌)","",,,,"肿瘤用药"
"XL01XES277E0","索凡替尼","","","","","","","(神经内分泌瘤)","",,,,"肿瘤用药"
"XL01XXC116B0","重组人血管内皮抑制素","","","","","","","(非小细胞肺癌)","",,,,""
"XL01XXX228A0","西达本胺","","","","","","","(感染|炎症|菌血症)","",,,,""
"XL02BBA326A0","阿帕他胺","","","","","","","(前列腺癌)","",,,,"肿瘤用药"
"XL04ABC082B0","重组人Ⅱ型肿瘤坏死因子受体","","","","","","","(类风湿关节炎)","",,,,""
"XL04ACW114B0","乌司奴单抗","","","","","","","(克罗恩病)","",,,,""
"XL03ACC084B0","人白介素","","","","","","","(放疗|化疗|血小板减少)","",,,,""
"XL04AAA362A0","阿普米司特","","","","","","","(银屑病)","",,,,""
"XM02AXH005B0","汉防己甲素","","","","","","","(硅肺)","",,,,""
"XN02CCL077A0","利扎曲普坦","","","","","","","(偏头痛)","二线",,,,""
"XN07XXD221B0","丁苯酞氯化钠","","","","","","","(脑卒中|脑梗死)","",,,14,""
"XN07XXL384E0","氯苯唑酸","","","","","","","(淀粉样变性心肌病)","",,,,""
"XN07XXY319B0","依达拉奉氯化钠注射液","","","","","","","(ALS|肌萎缩侧索硬化)","",,,,""
"XR03ALG187L0","格隆溴铵","","","","","","","(阻塞性肺病)","",,,,""
"XS01BCX230G0","溴芬酸钠","","","","","","","(感染|炎症)","",,,,"眼科用药"
"ZA04BAD0406","冬凌草滴丸","","","","","","","(急性咽炎)","",,,,""
"ZA10AAJ0638","九味镇心颗粒","","","","","","","(焦虑症)","",,,,""
"ZC01AAF0428","复方红豆杉","","","","","","","(肿瘤|癌)","",,,,""
"ZC01AAG0044","肝复乐片","","","","","","","(肝癌)","",,,,""
"ZC01AAH0225","华蟾素注射液","","","","","","","(疼痛)","",,,,""
"XB02BXK133B0","卡络磺钠","","","","","","","(出血|血小板减少性紫癜)","",,,,""
"XB02BXL399B0","罗普司亭","","","","","","","(原发免疫性血小板减少症)","",,,,""
"XB02BXS064B0","蛇毒血凝酶","","","","","","","(出血)","二线",,,,""
"XB03ACZ012B0","蔗糖铁","","","","","","","(缺铁性贫血)","",,,,""
"XC01CXZ065B0","左西孟旦","","","","","","","(心力衰竭)","",,,,""
"XC02ACK062V0","可乐定","","","","","","","(吞咽困难)","",,,,""
"XC04AFY101B0","胰激肽原酶","","","","","","","(糖尿病|微循环障碍)","",,,,""
"XC05CAQ094B0","曲克芦丁","","","","","","","(脑卒中|脑梗死)","",,,14,""
"XD03AXC105U0","重组人碱性成纤维细胞生长因子","","","","","","","(烧伤)","",,,,""
"XJ01CRP017B0","哌拉西林他唑巴坦","","","","","","","(重症感染|败血症)","",,,,"感染用药"
"XJ01XBD198B0","多粘菌素","","","","","","","(耐药细菌感染)","",,,,""
"XA12BAM074A0","门冬氨酸钾镁","","","","","","","(钾血症|心律失常|洋地黄中毒)","",,,,""
"XA16AAY312A0","乙酰左卡尼汀","","","","","","","(糖尿病|周围神经病变)","",,,,""
"XB02BXB011B0","白眉蛇毒血凝酶","","","","","","","(出血)","二线",,,,""
"XB02BXH117A0","海曲泊帕乙醇胺","","","","","","","(ITP|原发免疫性血小板减少症|SAA|再生障碍性贫血)","",,,,"肿瘤用药"
"XJ05AFE011E0","恩曲他滨","","","","","","","(HIV|艾滋病|获得性免疫缺陷)","",,,,""
"XJ05AHP119B0","帕拉米韦氯化钠","","","","","","","(流感|流行性感冒)","",,,,"感染用药"
"XJ05ARB236A0","比克恩丙诺","","","","","","","(HIV|艾滋病|获得性免疫缺陷)","",,,,""
"XJ05AXM176A0","玛巴洛沙韦","","","","","","","(流感|流行性感冒)","",,,,""
"XL01CDZ046B0","紫杉醇","","","","","","","(卵巢癌|乳腺癌|非小细胞肺癌)","",,,,"肿瘤用药"
"XL01EDB251A0","布格替尼","","","","","","","(NSCLC|非小细胞肺癌)","",,,,"肿瘤用药"
"XL01XCX020B0","西妥昔单抗","","","","","","","(结直肠癌|鳞状细胞癌)","",,,,"肿瘤用药"
"XL01XEA274A0","埃克替尼","","","","","","","(NSCLC|非小细胞肺癌)","",,,,"肿瘤用药"
"XL01XEA291A0","阿昔替尼","","","","","","","(RCC|肾细胞癌)","",,,,"肿瘤用药"
"XL01XEA342A0","奥布替尼","","","","","","","(MCL|肥大细胞白血病|CLL|淋巴细胞白血病|SLL|小淋巴细胞淋巴瘤)","",,,,"肿瘤用药"
"XL01XEB228A0","吡咯替尼","","","","","","","(乳腺癌)","二线",,,,""
"XL01XEZ104E0","泽布替尼","","","","","","","(MCL|肥大细胞白血病|CLL|淋巴细胞白血病|SLL|小淋巴细胞淋巴瘤)","",,,,"肿瘤用药"
"XL01XXN118E0","尼拉帕利","","","","","","","(卵巢癌|输卵管癌|腹膜癌)","",,,,"肿瘤用药"
"XL03AAC146B0","重组人粒细胞刺激因子","","","","","","","(放疗|化疗|骨髓抑制)","",,,,""
"XL04ACS271B0","司库奇尤单抗","","","","","","","(银屑病|强直性脊柱炎)","",,,,""
"XL04AAT108B0","兔抗人胸腺细胞免疫球蛋白","","","","","","","(器官移植|抗排异反应)","",,,,""
"XL04AAW118B0","维得利珠单抗","","","","","","","(结肠炎|克罗恩病)","二线",,,,""
"XL04AAX246A0","西尼莫德","","","","","","","(多发性硬化)","",,,,""
"XM05BAY053B0","伊班膦酸","","","","","","","(骨质疏松|癌痛)","",,,,""
"XM05BAY315B0","因卡膦酸二钠","","","","","","","(骨转移|癌性疼痛)","",,,,""
"XM09AXL393P0","利司扑兰","","","","","","","(SMA|肌萎缩)","",,,,""
"XN05AXD342A0","氘丁苯那嗪","","","","","","","(亨廷顿病|迟发性运动障碍)","",,,,""
"XN06DAK005E0","卡巴拉汀","","","","","","","(阿尔茨海默病)","",,,,""
"XN07XXD130E0","丁苯酞","","","","","","","(脑卒中|脑梗死)","",,,20,""
"XR03AKB252L0","倍氯福格吸入气雾剂","","","","","","","(阻塞性肺病)","",,,,""
"XR03ALY332L0","茚达格莫吸入粉雾剂","","","","","","","(哮喘)","",,,,""
"ZA04CBA0076","安络化纤丸","","","","","","","(肝硬化)","",,,,""
"ZA12AAD0053","大株红景天","","","","","","","(冠心病|心绞痛)","",,,,""
"ZA12AAD0362","杜蛭丸","","","","","","","(中风|脑梗)","",,,,""
"ZA15GAC0444","川蛭通络胶囊","","","","","","","(脑梗塞)","",,,,""
"ZC01AAF0817","复方黄黛片","","","","","","","(急性早幼粒细胞白血病)","",,,,"肿瘤用药"
"ZC01AAW0048","威麦宁胶囊","","","","","","","(肿瘤|癌)","",,,,""
"ZC01AAX0185","消癌平丸","","","","","","","(肿瘤|癌)","",,,,""
"ZC02AAJ0329","金复康口服液","","","","","","","(非小细胞肺癌)","",,,,""
"XB03XAC103B0","人促红素","","","","","","","(肾性贫血|化疗)","",,,,""
"XB03XAC149B0","重组人促红素-β","","","","","","","(肾性贫血|化疗)","",,,,""
"XB05XAM144B0","门冬氨酸钾镁木糖醇","","","","","","","(洋地黄中毒|心律失常)","",,,,""
"XC01CEA290B0","奥普力农","","","","","","","(心力衰竭)","",,,,""
"XC02KXM170A0","马昔腾坦","","","","","","","(肺动脉高压)","",,,,""
"XC09DAA212A0","奥美沙坦酯","","","","","","","(高血压)","",,,,""
"XD05AXB232F0","本维莫德","","","","","","","(银屑病)","二线",,,,""
"XJ01DDL014B0","拉氧头孢","","","","","","","(重症感染|败血症)","",,,,"感染用药"
"XJ01XAW001B0","万古霉素","","","","","","","(感染|炎症|菌血症)","二线",,,,"感染用药"
"XA04ADF719B0","福沙匹坦双葡甲胺","","","","","","","(放疗|化疗|吞咽困难)","",,,,""
"XA05BAG105A0","谷胱甘肽","","","","","","","(肝功能衰竭)","",,,,""
"XA11CCG111E0","骨化三醇","","","","","","","(骨质疏|肾性骨病|甲状旁腺功能减退)","",,,,""
"XA16AAX051B0","腺苷蛋氨酸","","","","","","","(肝硬化|胆汁淤积)","",,,,""
"XA16ABA345B0","阿加糖酶","","","","","","","(法布雷病|半乳糖苷酶A缺乏症)","",,,,""
"XB01ACQ158B0","曲前列尼","","","","","","","(肺动脉高压)","",,,,""
"XB01AXA223B0","奥扎格雷","","","","","","","(脑卒中|脑梗死)","",,,14,""
"XB02BBR019B0","人纤维蛋白原","","","","","","","(出血)","",,,,""
"XJ02ACF059B0","伏立康唑","","","","","","","(免疫缺陷|真菌感染|曲霉菌肺炎|中枢神经系统感染)","",,,,""
"XJ05AFL008A0","拉米夫定","","","","","","","(乙型肝炎)","",,,,""
"XJ05APL372A0","来迪派韦索磷布韦","","","","","","","(HCV|丙型肝炎)","",,,,""
"XL01EFD357A0","羟乙磺酸达尔西利","","","","","","","(PTCL|T细胞淋巴瘤)","",,,,"肿瘤用药"
"XL01XCN048B0","尼妥珠单抗","","","","","","","(鼻咽癌)","",,,,"肿瘤用药"
"XL01XCX242B0","信迪利单抗","","","","","","","(霍奇金淋巴瘤|非小细胞肺癌|肝细胞癌|鳞状细胞癌)","",,,,"肿瘤用药"
"XL01XEA328A0","甲磺酸阿美替尼","","","","","","","(NSCLC|非小细胞肺癌)","",,,,"肿瘤用药"
"XL01XXF723E0","氟唑帕利","","","","","","","(卵巢癌|输卵管癌|腹膜癌)","",,,,"肿瘤用药"
"XL01XXW122A0","维奈克拉","","","","","","","(急性髓系白血病|急性白血病)","",,,,"肿瘤用药"
"XL02BBR121A0","瑞维鲁胺","","","","","","","(前列腺癌)","",,,,""
"XL04ABY251B0","依那西普","","","","","","","(类风湿关节炎)","",,,,""
"XL04AXB245E0","泊马度胺","","","","","","","(多发性骨髓瘤)","",,,,""
"XL03ABC098B0","人干扰素","","","","","","","(白血病|淋巴瘤|黑色素瘤|肾癌|多发性骨髓瘤|丙型肝炎|乙型肝炎)","",,,,"肿瘤用药"
"XL03ACC085B0","重组人白介素-11","","","","","","","(放疗|化疗|血小板减少)","",,,,""
"XL04AAW126A0","乌帕替尼缓释片","","","","","","","(特应性皮炎|类风湿关节炎)","二线",,,,""
"XL04AAX009A0","西罗莫司","","","","","","","(器官移植|抗排异反应)","",,,,""
"XM01ABT149B0","酮咯酸氨丁三醇","","","","","","","(疼痛|痛风|关节炎|肩周炎)","",,,,""
"XM05BAP107B0","帕米膦酸二钠葡萄糖","","","","","","","(骨转移)","",,,,""
"XN01BBL054V0","利多卡因","","","","","","","(带状疱疹)","",,,,""
"XN02AXD131V0","丁丙诺啡","","","","","","","(疼痛)","",,,,"麻醉用药"
"XN06DXG184E0","甘露特钠","","","","","","","(阿尔茨海默)","",,,,""
"XN07XXL068X0","利鲁唑口服混悬液","","","","","","","(ALS|肌萎缩侧索硬化)","",,,,""
"XS01XAH114G0","环孢素","","","","","","","(角结膜干燥症)","",,,,""
"XV03AET152A0","碳酸镧","","","","","","","(透析|高磷血症)","",,,,""
"ZA09FAB0148","百令胶囊","","","","","","","(器官移植|抗排异反应|肾功能衰竭|肺纤维化)","",,,,""
"ZC01AAA0120","安替可胶囊","","","","","","","(食管癌)","",,,,"肿瘤用药"
"ZC01AAJ0409","金龙胶囊","","","","","","","(肝癌)","",,,,""
"ZC01AAK0035","康莱特软胶囊","","","","","","","(肿瘤|癌)","",,,,""
"ZC01AAX0186","消癌平丸","","","","","","","(肿瘤|癌)","",,,,""
"ZC01AAZ0506","紫龙金片","","","","","","","(肺癌)","",,,,""
"ZC02AAY0156","养正消积胶囊","","","","","","","(肝癌|介入治疗)","",,,,""
"ZE02AAQ0091","芪明颗粒","","","","","","","(2型糖尿病|视网膜病变)","",,,,""
